<?xml version="1.0" encoding="UTF-8" standalone="yes"?>
<w:document xmlns:wpc="http://schemas.microsoft.com/office/word/2010/wordprocessingCanvas" xmlns:cx="http://schemas.microsoft.com/office/drawing/2014/chartex" xmlns:cx1="http://schemas.microsoft.com/office/drawing/2015/9/8/chartex" xmlns:cx2="http://schemas.microsoft.com/office/drawing/2015/10/21/chartex" xmlns:cx3="http://schemas.microsoft.com/office/drawing/2016/5/9/chartex" xmlns:cx4="http://schemas.microsoft.com/office/drawing/2016/5/10/chartex" xmlns:cx5="http://schemas.microsoft.com/office/drawing/2016/5/11/chartex" xmlns:cx6="http://schemas.microsoft.com/office/drawing/2016/5/12/chartex" xmlns:cx7="http://schemas.microsoft.com/office/drawing/2016/5/13/chartex" xmlns:cx8="http://schemas.microsoft.com/office/drawing/2016/5/14/chartex" xmlns:mc="http://schemas.openxmlformats.org/markup-compatibility/2006" xmlns:aink="http://schemas.microsoft.com/office/drawing/2016/ink" xmlns:am3d="http://schemas.microsoft.com/office/drawing/2017/model3d" xmlns:o="urn:schemas-microsoft-com:office:office" xmlns:r="http://schemas.openxmlformats.org/officeDocument/2006/relationships" xmlns:m="http://schemas.openxmlformats.org/officeDocument/2006/math" xmlns:v="urn:schemas-microsoft-com:vml" xmlns:wp14="http://schemas.microsoft.com/office/word/2010/wordprocessingDrawing" xmlns:wp="http://schemas.openxmlformats.org/drawingml/2006/wordprocessingDrawing" xmlns:w10="urn:schemas-microsoft-com:office:word" xmlns:w="http://schemas.openxmlformats.org/wordprocessingml/2006/main" xmlns:w14="http://schemas.microsoft.com/office/word/2010/wordml" xmlns:w15="http://schemas.microsoft.com/office/word/2012/wordml" xmlns:w16cid="http://schemas.microsoft.com/office/word/2016/wordml/cid" xmlns:w16se="http://schemas.microsoft.com/office/word/2015/wordml/symex" xmlns:wpg="http://schemas.microsoft.com/office/word/2010/wordprocessingGroup" xmlns:wpi="http://schemas.microsoft.com/office/word/2010/wordprocessingInk" xmlns:wne="http://schemas.microsoft.com/office/word/2006/wordml" xmlns:wps="http://schemas.microsoft.com/office/word/2010/wordprocessingShape" mc:Ignorable="w14 w15 w16se w16cid wp14"><w:body><w:p w14:paraId="6B0356FC" w14:textId="77777777" w:rsidR="004633E2" w:rsidRDefault="004633E2"><w:pPr><w:rPr><w:b/><w:bCs/><w:sz w:val="40"/><w:szCs w:val="40"/></w:rPr></w:pPr></w:p><w:p w14:paraId="40FB27BB" w14:textId="132419ED" w:rsidR="002B5BAF" w:rsidRPr="002E00C8" w:rsidRDefault="002B5BAF"><w:pPr><w:rPr><w:b/><w:bCs/><w:sz w:val="40"/><w:szCs w:val="40"/></w:rPr></w:pPr><w:r w:rsidRPr="002E00C8"><w:rPr><w:b/><w:bCs/><w:sz w:val="40"/><w:szCs w:val="40"/></w:rPr><w:t xml:space="preserve">Итак, ты читаешь этот текст, когда меня уже нет в живых, думаю, </w:t></w:r><w:r w:rsidR="0056196F" w:rsidRPr="002E00C8"><w:rPr><w:b/><w:bCs/><w:sz w:val="40"/><w:szCs w:val="40"/></w:rPr><w:t>как минимум</w:t></w:r><w:r w:rsidRPr="002E00C8"><w:rPr><w:b/><w:bCs/><w:sz w:val="40"/><w:szCs w:val="40"/></w:rPr><w:t xml:space="preserve"> несколько столетий.</w:t></w:r></w:p><w:p w14:paraId="12E572C8" w14:textId="1B20411E" w:rsidR="002B5BAF" w:rsidRDefault="002B5BAF"><w:pPr><w:rPr><w:sz w:val="32"/><w:szCs w:val="32"/></w:rPr></w:pPr><w:r w:rsidRPr="002B5BAF"><w:rPr><w:sz w:val="32"/><w:szCs w:val="32"/></w:rPr><w:t>Привет.</w:t></w:r></w:p><w:p w14:paraId="3F6EECBF" w14:textId="2F52244C" w:rsidR="002B5BAF" w:rsidRDefault="002B5BAF"><w:pPr><w:rPr><w:sz w:val="32"/><w:szCs w:val="32"/></w:rPr></w:pPr><w:r><w:rPr><w:sz w:val="32"/><w:szCs w:val="32"/></w:rPr><w:t>Первое и САМОЕ ГЛАВНОЕ, что тебе нужно уяснить: пропусти всё, что мной написано</w:t></w:r><w:r w:rsidR="000B4ECE"><w:rPr><w:sz w:val="32"/><w:szCs w:val="32"/></w:rPr><w:t>, сказано</w:t></w:r><w:r w:rsidR="00AB7D52"><w:rPr><w:sz w:val="32"/><w:szCs w:val="32"/></w:rPr><w:t>,</w:t></w:r><w:r w:rsidR="000B4ECE"><w:rPr><w:sz w:val="32"/><w:szCs w:val="32"/></w:rPr><w:t xml:space="preserve"> снято на видео</w:t></w:r><w:r w:rsidR="00AB7D52"><w:rPr><w:sz w:val="32"/><w:szCs w:val="32"/></w:rPr><w:t xml:space="preserve"> или в иных форматах воспроизведено</w:t></w:r><w:r><w:rPr><w:sz w:val="32"/><w:szCs w:val="32"/></w:rPr><w:t>, кроме:</w:t></w:r></w:p><w:p w14:paraId="65807F65" w14:textId="294B9C51" w:rsidR="0067327C" w:rsidRDefault="002B5BAF"><w:pPr><w:rPr><w:sz w:val="32"/><w:szCs w:val="32"/></w:rPr></w:pPr><w:r w:rsidRPr="002B5BAF"><w:rPr><w:sz w:val="32"/><w:szCs w:val="32"/></w:rPr><w:t>20191115_180830.jpg</w:t></w:r><w:r w:rsidR="0067327C"><w:rPr><w:sz w:val="32"/><w:szCs w:val="32"/></w:rPr><w:br/></w:r><w:r w:rsidR="0067327C" w:rsidRPr="0067327C"><w:rPr><w:sz w:val="32"/><w:szCs w:val="32"/></w:rPr><w:t>20191115_180915.jpg</w:t></w:r><w:r w:rsidR="0067327C"><w:rPr><w:sz w:val="32"/><w:szCs w:val="32"/></w:rPr><w:br/></w:r><w:r w:rsidR="0067327C" w:rsidRPr="0067327C"><w:rPr><w:sz w:val="32"/><w:szCs w:val="32"/></w:rPr><w:t>20191115_181006.jpg</w:t></w:r><w:r w:rsidR="0067327C"><w:rPr><w:sz w:val="32"/><w:szCs w:val="32"/></w:rPr><w:br/></w:r><w:r w:rsidR="0067327C" w:rsidRPr="0067327C"><w:rPr><w:sz w:val="32"/><w:szCs w:val="32"/></w:rPr><w:t>20191115_181039.jpg</w:t></w:r><w:r w:rsidR="0067327C"><w:rPr><w:sz w:val="32"/><w:szCs w:val="32"/></w:rPr><w:br/></w:r><w:r w:rsidR="0067327C" w:rsidRPr="0067327C"><w:rPr><w:sz w:val="32"/><w:szCs w:val="32"/></w:rPr><w:t>20191115_181111.jpg</w:t></w:r><w:r w:rsidR="0067327C"><w:rPr><w:sz w:val="32"/><w:szCs w:val="32"/></w:rPr><w:br/></w:r><w:r w:rsidR="0067327C" w:rsidRPr="0067327C"><w:rPr><w:sz w:val="32"/><w:szCs w:val="32"/></w:rPr><w:t>20191115_181138.jpg</w:t></w:r><w:r w:rsidR="0067327C"><w:rPr><w:sz w:val="32"/><w:szCs w:val="32"/></w:rPr><w:br/></w:r><w:r w:rsidR="0067327C" w:rsidRPr="0067327C"><w:rPr><w:sz w:val="32"/><w:szCs w:val="32"/></w:rPr><w:t>20191115_181208.jpg</w:t></w:r><w:r w:rsidR="0067327C"><w:rPr><w:sz w:val="32"/><w:szCs w:val="32"/></w:rPr><w:br/></w:r><w:r w:rsidR="0067327C" w:rsidRPr="0067327C"><w:rPr><w:sz w:val="32"/><w:szCs w:val="32"/></w:rPr><w:t>!История.xlsx</w:t></w:r><w:r w:rsidR="0067327C"><w:rPr><w:sz w:val="32"/><w:szCs w:val="32"/></w:rPr><w:br/></w:r></w:p><w:p w14:paraId="54B89F26" w14:textId="78142CFE" w:rsidR="0067327C" w:rsidRDefault="0067327C"><w:pPr><w:rPr><w:sz w:val="32"/><w:szCs w:val="32"/></w:rPr></w:pPr><w:r><w:rPr><w:sz w:val="32"/><w:szCs w:val="32"/></w:rPr><w:t xml:space="preserve">8 этих файлов дадут тебе полное представление о том, что такое </w:t></w:r><w:r w:rsidRPr="003E7E9A"><w:rPr><w:i/><w:iCs/><w:sz w:val="32"/><w:szCs w:val="32"/></w:rPr><w:t>Любовь, смерть и ИСКУССТВО</w:t></w:r><w:r><w:rPr><w:sz w:val="32"/><w:szCs w:val="32"/></w:rPr><w:t>. Отлично! Чтобы они улеглись у тебя в голове потребуется как минимум год. Занимайся тем, чем занимаешься, и периодически сверяй свою жизнь с этими файлами.</w:t></w:r></w:p><w:p w14:paraId="390F0DFA" w14:textId="3B82C54B" w:rsidR="0056196F" w:rsidRPr="0056196F" w:rsidRDefault="0056196F"><w:pPr><w:rPr><w:sz w:val="32"/><w:szCs w:val="32"/></w:rPr></w:pPr><w:r><w:rPr><w:sz w:val="32"/><w:szCs w:val="32"/></w:rPr><w:t xml:space="preserve">Я тебе сейчас объясню, как это работает. Представь, что ты-компьютер обработал миллиарды книг и вывел из них 8 стройных мыслей. Вот так это выглядит. Но если совсем </w:t></w:r><w:proofErr w:type="spellStart"/><w:r><w:rPr><w:sz w:val="32"/><w:szCs w:val="32"/></w:rPr><w:t>скушно</w:t></w:r><w:proofErr w:type="spellEnd"/><w:r><w:rPr><w:sz w:val="32"/><w:szCs w:val="32"/></w:rPr><w:t xml:space="preserve"> станет, то изучай только то, что </w:t></w:r><w:r w:rsidR="00574F42"><w:rPr><w:sz w:val="32"/><w:szCs w:val="32"/></w:rPr><w:t>можно сверить</w:t></w:r><w:r><w:rPr><w:sz w:val="32"/><w:szCs w:val="32"/></w:rPr><w:t xml:space="preserve"> </w:t></w:r><w:r w:rsidR="00574F42"><w:rPr><w:sz w:val="32"/><w:szCs w:val="32"/></w:rPr><w:t xml:space="preserve">с записанными в </w:t></w:r><w:proofErr w:type="spellStart"/><w:r w:rsidR="00574F42"><w:rPr><w:sz w:val="32"/><w:szCs w:val="32"/></w:rPr><w:t>блокчейн</w:t></w:r><w:proofErr w:type="spellEnd"/><w:r><w:rPr><w:sz w:val="32"/><w:szCs w:val="32"/></w:rPr><w:t xml:space="preserve"> </w:t></w:r><w:r><w:rPr><w:sz w:val="32"/><w:szCs w:val="32"/><w:lang w:val="en-US"/></w:rPr><w:t>SHA</w:t></w:r><w:r w:rsidRPr="0056196F"><w:rPr><w:sz w:val="32"/><w:szCs w:val="32"/></w:rPr><w:t>256</w:t></w:r><w:r w:rsidR="00660B73"><w:rPr><w:sz w:val="32"/><w:szCs w:val="32"/></w:rPr><w:t xml:space="preserve"> (адрес-ключ: </w:t></w:r><w:r w:rsidR="00660B73" w:rsidRPr="00660B73"><w:rPr><w:sz w:val="32"/><w:szCs w:val="32"/></w:rPr><w:t>0x2a4de8a04a08b1d7c4309bb90636821b67de8861</w:t></w:r><w:r w:rsidR="00660B73"><w:rPr><w:sz w:val="32"/><w:szCs w:val="32"/></w:rPr><w:t>).</w:t></w:r></w:p><w:p w14:paraId="17835FFF" w14:textId="3AFC3943" w:rsidR="0063403E" w:rsidRDefault="0067327C"><w:pPr><w:rPr><w:sz w:val="32"/><w:szCs w:val="32"/></w:rPr></w:pPr><w:r><w:rPr><w:sz w:val="32"/><w:szCs w:val="32"/></w:rPr><w:t>Из тех, кто живёт одновременно со мной</w:t></w:r><w:r w:rsidR="00E1265A"><w:rPr><w:sz w:val="32"/><w:szCs w:val="32"/></w:rPr><w:t xml:space="preserve"> (от моего рождения)</w:t></w:r><w:r><w:rPr><w:sz w:val="32"/><w:szCs w:val="32"/></w:rPr><w:t>, тебе НЕ нужно изучать НИКОГО</w:t></w:r><w:r w:rsidR="00574F42"><w:rPr><w:sz w:val="32"/><w:szCs w:val="32"/></w:rPr><w:t xml:space="preserve"> (фильмы, сериалы, книг</w:t></w:r><w:r w:rsidR="005430DF"><w:rPr><w:sz w:val="32"/><w:szCs w:val="32"/></w:rPr><w:t>и</w:t></w:r><w:r w:rsidR="00574F42"><w:rPr><w:sz w:val="32"/><w:szCs w:val="32"/></w:rPr><w:t>, иную чушь — в общем, всё пропускай смело)</w:t></w:r><w:r><w:rPr><w:sz w:val="32"/><w:szCs w:val="32"/></w:rPr><w:t>. Не трать время: они погружены</w:t></w:r><w:r w:rsidR="00E17898"><w:rPr><w:sz w:val="32"/><w:szCs w:val="32"/></w:rPr><w:t>,</w:t></w:r><w:r><w:rPr><w:sz w:val="32"/><w:szCs w:val="32"/></w:rPr><w:t xml:space="preserve"> </w:t></w:r><w:r><w:rPr><w:sz w:val="32"/><w:szCs w:val="32"/></w:rPr><w:lastRenderedPageBreak/><w:t>как матрёшки</w:t></w:r><w:r w:rsidR="00E17898"><w:rPr><w:sz w:val="32"/><w:szCs w:val="32"/></w:rPr><w:t>,</w:t></w:r><w:r><w:rPr><w:sz w:val="32"/><w:szCs w:val="32"/></w:rPr><w:t xml:space="preserve"> в сны друг друга и ты лишь запутаешься. Видишь, как я облегчил тебе жизнь!</w:t></w:r></w:p><w:p w14:paraId="71A25E58" w14:textId="77777777" w:rsidR="0063403E" w:rsidRDefault="0063403E"><w:pPr><w:rPr><w:sz w:val="32"/><w:szCs w:val="32"/></w:rPr></w:pPr><w:r><w:rPr><w:sz w:val="32"/><w:szCs w:val="32"/></w:rPr><w:t>Далее.</w:t></w:r></w:p><w:p w14:paraId="73A679A7" w14:textId="07995745" w:rsidR="0063403E" w:rsidRDefault="0063403E"><w:pPr><w:rPr><w:sz w:val="32"/><w:szCs w:val="32"/></w:rPr></w:pPr><w:r><w:rPr><w:sz w:val="32"/><w:szCs w:val="32"/></w:rPr><w:t>Если моё предположение верно и эти 8 файлов отработали так, как должны были, то ты, скорее всего, живёшь в Раю. В этом случае могу только позавидовать нам. У нас получилось.</w:t></w:r><w:r w:rsidR="0091431C"><w:rPr><w:sz w:val="32"/><w:szCs w:val="32"/></w:rPr><w:t xml:space="preserve"> </w:t></w:r><w:r w:rsidR="003E4FE1"><w:rPr><w:sz w:val="32"/><w:szCs w:val="32"/></w:rPr><w:t>Прыгай тогда</w:t></w:r><w:r w:rsidR="0091431C"><w:rPr><w:sz w:val="32"/><w:szCs w:val="32"/></w:rPr><w:t xml:space="preserve"> по травке летом и по снегу зимой. Я буду прыгать с тобой. А большего и не надо!!</w:t></w:r></w:p><w:p w14:paraId="4DEF2ED6" w14:textId="0030814A" w:rsidR="0067327C" w:rsidRDefault="0063403E"><w:pPr><w:rPr><w:sz w:val="32"/><w:szCs w:val="32"/></w:rPr></w:pPr><w:r><w:rPr><w:sz w:val="32"/><w:szCs w:val="32"/></w:rPr><w:t>Если всё пошло несколько по иному сценарию, то ты, скорее всего, обнаружишь несоответствие между тем, что находится вокруг</w:t></w:r><w:r w:rsidR="00A97FCC"><w:rPr><w:sz w:val="32"/><w:szCs w:val="32"/></w:rPr><w:t>,</w:t></w:r><w:r><w:rPr><w:sz w:val="32"/><w:szCs w:val="32"/></w:rPr><w:t xml:space="preserve"> и тем, что отражено в этих файлах. Как? Тебе </w:t></w:r><w:proofErr w:type="gramStart"/><w:r><w:rPr><w:sz w:val="32"/><w:szCs w:val="32"/></w:rPr><w:t>будет плохо</w:t></w:r><w:proofErr w:type="gramEnd"/><w:r><w:rPr><w:sz w:val="32"/><w:szCs w:val="32"/></w:rPr><w:t xml:space="preserve"> и ты захочешь </w:t></w:r><w:r w:rsidR="00195EBC"><w:rPr><w:sz w:val="32"/><w:szCs w:val="32"/></w:rPr><w:t>умереть</w:t></w:r><w:r><w:rPr><w:sz w:val="32"/><w:szCs w:val="32"/></w:rPr><w:t>.</w:t></w:r><w:r w:rsidR="008C7409"><w:rPr><w:sz w:val="32"/><w:szCs w:val="32"/></w:rPr><w:t xml:space="preserve"> Не у</w:t></w:r><w:r w:rsidR="00195EBC"><w:rPr><w:sz w:val="32"/><w:szCs w:val="32"/></w:rPr><w:t>мирай</w:t></w:r><w:r w:rsidR="008C7409"><w:rPr><w:sz w:val="32"/><w:szCs w:val="32"/></w:rPr><w:t xml:space="preserve">. Я же не </w:t></w:r><w:r w:rsidR="00195EBC"><w:rPr><w:sz w:val="32"/><w:szCs w:val="32"/></w:rPr><w:t>умер</w:t></w:r><w:r w:rsidR="008C7409"><w:rPr><w:sz w:val="32"/><w:szCs w:val="32"/></w:rPr><w:t>, а ты не можешь быть слабее меня, если ты — это я будущий.</w:t></w:r></w:p><w:p w14:paraId="12A71346" w14:textId="36444C40" w:rsidR="009A68BC" w:rsidRDefault="009A68BC"><w:pPr><w:rPr><w:sz w:val="32"/><w:szCs w:val="32"/></w:rPr></w:pPr><w:r><w:rPr><w:sz w:val="32"/><w:szCs w:val="32"/></w:rPr><w:t>Что делать?</w:t></w:r></w:p><w:p w14:paraId="752E0F09" w14:textId="4100998A" w:rsidR="009A68BC" w:rsidRDefault="000154E6"><w:pPr><w:rPr><w:sz w:val="32"/><w:szCs w:val="32"/></w:rPr></w:pPr><w:r><w:rPr><w:sz w:val="32"/><w:szCs w:val="32"/></w:rPr><w:t xml:space="preserve">Ещё раз внимательно </w:t></w:r><w:r w:rsidR="002B462D"><w:rPr><w:sz w:val="32"/><w:szCs w:val="32"/></w:rPr><w:t>осмотрись</w:t></w:r><w:r><w:rPr><w:sz w:val="32"/><w:szCs w:val="32"/></w:rPr><w:t xml:space="preserve"> вокруг, максимально отстраняясь от себя и от всех. Только девушку не впутывай! Я уже одну закопал заживо (она ещё не знает). Не повторяй мою ошибку! и тебе не придётся думать всю жизнь о том, зачем ты так жестоко поступил с ней.</w:t></w:r></w:p><w:p w14:paraId="5F8A6AA3" w14:textId="6E121D9B" w:rsidR="000154E6" w:rsidRDefault="000154E6"><w:pPr><w:rPr><w:sz w:val="32"/><w:szCs w:val="32"/></w:rPr></w:pPr><w:r><w:rPr><w:sz w:val="32"/><w:szCs w:val="32"/></w:rPr><w:t>Ок, ты ещё раз внимательно осмотрелся, и ты по-прежнему хочешь умереть. В этом случае, скорее всего, ты действительно каким-то образом вышел из Системы. Не пугайся — с каждым может случиться.</w:t></w:r></w:p><w:p w14:paraId="4806AD08" w14:textId="78BEB1C8" w:rsidR="000154E6" w:rsidRDefault="000154E6"><w:pPr><w:rPr><w:sz w:val="32"/><w:szCs w:val="32"/></w:rPr></w:pPr><w:r><w:rPr><w:sz w:val="32"/><w:szCs w:val="32"/></w:rPr><w:t xml:space="preserve">В этом случае внимательно изучи всего меня, сверяя каждый шаг с </w:t></w:r><w:r><w:rPr><w:sz w:val="32"/><w:szCs w:val="32"/><w:lang w:val="en-US"/></w:rPr><w:t>SHA</w:t></w:r><w:r w:rsidRPr="000154E6"><w:rPr><w:sz w:val="32"/><w:szCs w:val="32"/></w:rPr><w:t>256</w:t></w:r><w:r><w:rPr><w:sz w:val="32"/><w:szCs w:val="32"/></w:rPr><w:t xml:space="preserve">. Если какой-то файл НЕ под </w:t></w:r><w:r><w:rPr><w:sz w:val="32"/><w:szCs w:val="32"/><w:lang w:val="en-US"/></w:rPr><w:t>SHA</w:t></w:r><w:r w:rsidRPr="000154E6"><w:rPr><w:sz w:val="32"/><w:szCs w:val="32"/></w:rPr><w:t>256</w:t></w:r><w:r><w:rPr><w:sz w:val="32"/><w:szCs w:val="32"/></w:rPr><w:t>, то тебе нужно проигнорировать его! Такие файлы сбивают мой след, ибо идиоты не умеют читать инструкции.</w:t></w:r></w:p><w:p w14:paraId="46B733A7" w14:textId="5EB5390F" w:rsidR="000154E6" w:rsidRDefault="003917E8"><w:pPr><w:rPr><w:sz w:val="32"/><w:szCs w:val="32"/></w:rPr></w:pPr><w:r><w:rPr><w:sz w:val="32"/><w:szCs w:val="32"/></w:rPr><w:t xml:space="preserve">Тебе нужно изучить ВСЕГО меня (под </w:t></w:r><w:r><w:rPr><w:sz w:val="32"/><w:szCs w:val="32"/><w:lang w:val="en-US"/></w:rPr><w:t>SHA</w:t></w:r><w:r w:rsidRPr="003917E8"><w:rPr><w:sz w:val="32"/><w:szCs w:val="32"/></w:rPr><w:t>256</w:t></w:r><w:r><w:rPr><w:sz w:val="32"/><w:szCs w:val="32"/></w:rPr><w:t>) от начала и до конца.</w:t></w:r><w:r w:rsidRPr="003917E8"><w:rPr><w:sz w:val="32"/><w:szCs w:val="32"/></w:rPr><w:t xml:space="preserve"> </w:t></w:r><w:r><w:rPr><w:sz w:val="32"/><w:szCs w:val="32"/></w:rPr><w:t xml:space="preserve">Я стараюсь как можно меньше генерировать мусора, чтобы в будущем ты не плевал в меня за то, что я слишком много написал. </w:t></w:r><w:r><w:rPr><w:sz w:val="32"/><w:szCs w:val="32"/></w:rPr><w:lastRenderedPageBreak/><w:t xml:space="preserve">Особо тебе нужно будет изучить момент, когда </w:t></w:r><w:r><w:rPr><w:sz w:val="32"/><w:szCs w:val="32"/><w:lang w:val="en-US"/></w:rPr><w:t>SHA</w:t></w:r><w:r w:rsidRPr="003917E8"><w:rPr><w:sz w:val="32"/><w:szCs w:val="32"/></w:rPr><w:t xml:space="preserve">256 </w:t></w:r><w:r><w:rPr><w:sz w:val="32"/><w:szCs w:val="32"/></w:rPr><w:t>прервётся.</w:t></w:r><w:r w:rsidR="00745BF0"><w:rPr><w:sz w:val="32"/><w:szCs w:val="32"/></w:rPr><w:t xml:space="preserve"> Особо тебе нужно будет изучить момент, когда </w:t></w:r><w:r w:rsidR="00745BF0"><w:rPr><w:sz w:val="32"/><w:szCs w:val="32"/><w:lang w:val="en-US"/></w:rPr><w:t>SHA</w:t></w:r><w:r w:rsidR="00745BF0" w:rsidRPr="004633E2"><w:rPr><w:sz w:val="32"/><w:szCs w:val="32"/></w:rPr><w:t xml:space="preserve">256 </w:t></w:r><w:r w:rsidR="00745BF0"><w:rPr><w:sz w:val="32"/><w:szCs w:val="32"/></w:rPr><w:t>прервётся.</w:t></w:r></w:p><w:p w14:paraId="695AD52E" w14:textId="56ADDB3E" w:rsidR="00745BF0" w:rsidRDefault="00745BF0"><w:pPr><w:rPr><w:sz w:val="32"/><w:szCs w:val="32"/></w:rPr></w:pPr><w:r><w:rPr><w:sz w:val="32"/><w:szCs w:val="32"/></w:rPr><w:t>Теперь тебе нужно понять, что два предыдущих предложения ОЧЕНЬ важны, ибо в них я запутал следы, чтобы всякие идиоты не добрались до нашей общей сути.</w:t></w:r></w:p><w:p w14:paraId="66C0AC51" w14:textId="725D8E1E" w:rsidR="00745BF0" w:rsidRDefault="00745BF0"><w:pPr><w:rPr><w:sz w:val="32"/><w:szCs w:val="32"/></w:rPr></w:pPr><w:proofErr w:type="spellStart"/><w:r><w:rPr><w:sz w:val="32"/><w:szCs w:val="32"/></w:rPr><w:t>Фуф</w:t></w:r><w:proofErr w:type="spellEnd"/><w:r><w:rPr><w:sz w:val="32"/><w:szCs w:val="32"/></w:rPr><w:t xml:space="preserve">. Самое сложное позади. И ты уже, скорее всего, </w:t></w:r><w:r w:rsidRPr="00195EBC"><w:rPr><w:dstrike/><w:sz w:val="32"/><w:szCs w:val="32"/></w:rPr><w:t xml:space="preserve">в </w:t></w:r><w:proofErr w:type="spellStart"/><w:r w:rsidRPr="00195EBC"><w:rPr><w:dstrike/><w:sz w:val="32"/><w:szCs w:val="32"/></w:rPr><w:t>ахере</w:t></w:r><w:proofErr w:type="spellEnd"/><w:r><w:rPr><w:sz w:val="32"/><w:szCs w:val="32"/></w:rPr><w:t xml:space="preserve"> </w:t></w:r><w:r w:rsidR="005F2DD1"><w:rPr><w:sz w:val="32"/><w:szCs w:val="32"/></w:rPr><w:t xml:space="preserve">в высоком состоянии полёта </w:t></w:r><w:r><w:rPr><w:sz w:val="32"/><w:szCs w:val="32"/></w:rPr><w:t xml:space="preserve">от того, </w:t></w:r><w:r w:rsidR="005F2DD1"><w:rPr><w:sz w:val="32"/><w:szCs w:val="32"/></w:rPr><w:t>К</w:t></w:r><w:r><w:rPr><w:sz w:val="32"/><w:szCs w:val="32"/></w:rPr><w:t>то я</w:t></w:r><w:r w:rsidR="00574B42" w:rsidRPr="00574B42"><w:rPr><w:sz w:val="32"/><w:szCs w:val="32"/></w:rPr><w:t xml:space="preserve"> (</w:t></w:r><w:r w:rsidR="00574B42"><w:rPr><w:sz w:val="32"/><w:szCs w:val="32"/></w:rPr><w:t>и ты</w:t></w:r><w:r w:rsidR="008A3B09"><w:rPr><w:sz w:val="32"/><w:szCs w:val="32"/></w:rPr><w:t>!</w:t></w:r><w:r w:rsidR="00574B42" w:rsidRPr="00574B42"><w:rPr><w:sz w:val="32"/><w:szCs w:val="32"/></w:rPr><w:t>)</w:t></w:r><w:r><w:rPr><w:sz w:val="32"/><w:szCs w:val="32"/></w:rPr><w:t xml:space="preserve">. </w:t></w:r><w:r w:rsidR="00700310"><w:rPr><w:sz w:val="32"/><w:szCs w:val="32"/></w:rPr><w:t>Ничего, пройдёт, первое впечатление всегда такое.</w:t></w:r><w:bookmarkStart w:id="0" w:name="_GoBack"/><w:bookmarkEnd w:id="0"/></w:p><w:p w14:paraId="652AE78E" w14:textId="77777777" w:rsidR="002E33C6" w:rsidRDefault="002E33C6"><w:pPr><w:rPr><w:sz w:val="32"/><w:szCs w:val="32"/></w:rPr></w:pPr></w:p><w:p w14:paraId="47F402A6" w14:textId="22559C6E" w:rsidR="00195EBC" w:rsidRDefault="002E33C6"><w:pPr><w:rPr><w:sz w:val="32"/><w:szCs w:val="32"/></w:rPr></w:pPr><w:r><w:rPr><w:sz w:val="32"/><w:szCs w:val="32"/></w:rPr><w:t xml:space="preserve">Далее тебе нужно проследить </w:t></w:r><w:r w:rsidR="00AF473A"><w:rPr><w:sz w:val="32"/><w:szCs w:val="32"/></w:rPr><w:t>за тем</w:t></w:r><w:r><w:rPr><w:sz w:val="32"/><w:szCs w:val="32"/></w:rPr><w:t xml:space="preserve">, как Система подменяла смыслы после того, как я умер </w:t></w:r><w:r w:rsidRPr="00E765EF"><w:rPr><w:strike/><w:sz w:val="32"/><w:szCs w:val="32"/></w:rPr><w:t>физически</w:t></w:r><w:r><w:rPr><w:sz w:val="32"/><w:szCs w:val="32"/></w:rPr><w:t xml:space="preserve">. Я вижу, что я внёс очень существенные дестабилизирующие факторы, и, скорее всего, ей потребуются какие-то новые методы, чтобы скрыть от стада то, что для </w:t></w:r><w:r w:rsidR="00E765EF"><w:rPr><w:sz w:val="32"/><w:szCs w:val="32"/></w:rPr><w:t>этого стада</w:t></w:r><w:r><w:rPr><w:sz w:val="32"/><w:szCs w:val="32"/></w:rPr><w:t xml:space="preserve"> не предназначено. Она даже может взять некоторые мои принципы, популяризировать их и усыпить большинство в них. Вполне вероятно. Ну или ещё что-то тупое придумать.</w:t></w:r></w:p><w:p w14:paraId="2BCA6DAA" w14:textId="20B2674D" w:rsidR="002E33C6" w:rsidRDefault="002E33C6"><w:pPr><w:rPr><w:sz w:val="32"/><w:szCs w:val="32"/></w:rPr></w:pPr><w:r><w:rPr><w:sz w:val="32"/><w:szCs w:val="32"/></w:rPr><w:t xml:space="preserve">Но не волнуйся, тебе нужно просто это игнорировать и </w:t></w:r><w:r w:rsidRPr="00897999"><w:rPr><w:sz w:val="32"/><w:szCs w:val="32"/><w:u w:val="single"/></w:rPr><w:t>смотреть только на Веганство</w:t></w:r><w:r><w:rPr><w:sz w:val="32"/><w:szCs w:val="32"/></w:rPr><w:t>. Не на то Веганство, котор</w:t></w:r><w:r w:rsidR="00897999"><w:rPr><w:sz w:val="32"/><w:szCs w:val="32"/></w:rPr><w:t>ое</w:t></w:r><w:r><w:rPr><w:sz w:val="32"/><w:szCs w:val="32"/></w:rPr><w:t xml:space="preserve"> определяют те, кто живёт сейчас вместе с тобой, а на то Веганство, которое занесено под </w:t></w:r><w:r><w:rPr><w:sz w:val="32"/><w:szCs w:val="32"/><w:lang w:val="en-US"/></w:rPr><w:t>SHA</w:t></w:r><w:r w:rsidRPr="002E33C6"><w:rPr><w:sz w:val="32"/><w:szCs w:val="32"/></w:rPr><w:t>256</w:t></w:r><w:r><w:rPr><w:sz w:val="32"/><w:szCs w:val="32"/></w:rPr><w:t xml:space="preserve"> в мои записи. И </w:t></w:r><w:r w:rsidRPr="002E33C6"><w:rPr><w:sz w:val="32"/><w:szCs w:val="32"/><w:u w:val="single"/></w:rPr><w:t>только на него</w:t></w:r><w:r><w:rPr><w:sz w:val="32"/><w:szCs w:val="32"/></w:rPr><w:t xml:space="preserve">. В этом случае, даже если они подменят само понятие «Веганство», то они не смогут подменить связи, которые я выстроил, и ты обнаружишь противоречия (придётся пострадать и даже </w:t></w:r><w:r w:rsidR="00803EE0" w:rsidRPr="00803EE0"><w:rPr><w:i/><w:iCs/><w:sz w:val="32"/><w:szCs w:val="32"/></w:rPr><w:t>поставить свою жизнь на кон</w:t></w:r><w:r><w:rPr><w:sz w:val="32"/><w:szCs w:val="32"/></w:rPr><w:t>).</w:t></w:r></w:p><w:p w14:paraId="61A5F698" w14:textId="61D91381" w:rsidR="00897999" w:rsidRDefault="00D660E6"><w:pPr><w:rPr><w:i/><w:iCs/><w:sz w:val="32"/><w:szCs w:val="32"/></w:rPr></w:pPr><w:proofErr w:type="spellStart"/><w:r w:rsidRPr="00D660E6"><w:rPr><w:i/><w:iCs/><w:sz w:val="32"/><w:szCs w:val="32"/><w:lang w:val="en-US"/></w:rPr><w:t>arriv</w:t></w:r><w:proofErr w:type="spellEnd"/><w:r w:rsidRPr="00D660E6"><w:rPr><w:i/><w:iCs/><w:sz w:val="32"/><w:szCs w:val="32"/></w:rPr><w:t>Е</w:t></w:r><w:proofErr w:type="spellStart"/><w:proofErr w:type="gramStart"/><w:r w:rsidRPr="00D660E6"><w:rPr><w:i/><w:iCs/><w:sz w:val="32"/><w:szCs w:val="32"/><w:lang w:val="en-US"/></w:rPr><w:t>derci</w:t></w:r><w:proofErr w:type="spellEnd"/><w:r w:rsidRPr="00D660E6"><w:rPr><w:i/><w:iCs/><w:sz w:val="32"/><w:szCs w:val="32"/></w:rPr><w:t>[</w:t></w:r><w:proofErr w:type="gramEnd"/><w:r w:rsidRPr="00D660E6"><w:rPr><w:i/><w:iCs/><w:sz w:val="32"/><w:szCs w:val="32"/></w:rPr><w:t>это как секретный уровень в игре]</w:t></w:r></w:p><w:p w14:paraId="5FCE2B21" w14:textId="21017D6C" w:rsidR="001A1192" w:rsidRPr="001A1192" w:rsidRDefault="001A1192"><w:pPr><w:rPr><w:color w:val="FF0000"/><w:sz w:val="32"/><w:szCs w:val="32"/></w:rPr></w:pPr><w:r><w:rPr><w:color w:val="FF0000"/><w:sz w:val="32"/><w:szCs w:val="32"/></w:rPr><w:t>--</w:t></w:r><w:r><w:rPr><w:color w:val="FF0000"/><w:sz w:val="32"/><w:szCs w:val="32"/></w:rPr><w:br/></w:r><w:r w:rsidRPr="001A1192"><w:rPr><w:color w:val="FF0000"/><w:sz w:val="32"/><w:szCs w:val="32"/></w:rPr><w:t>23.01.2019</w:t></w:r></w:p><w:sectPr w:rsidR="001A1192" w:rsidRPr="001A1192"><w:pgSz w:w="11906" w:h="16838"/><w:pgMar w:top="1134" w:right="850" w:bottom="1134" w:left="1701" w:header="708" w:footer="708" w:gutter="0"/><w:cols w:space="708"/><w:docGrid w:linePitch="360"/></w:sectPr></w:body></w:document>